{
    "alpha_1": 3.9041861613348363,
    "alpha_1_theta_1": 0.829712096429701,
    "eta_2": 0.18950434264183938,
    "alpha_2": 2.1896398653129436,
    "alpha_2_theta_2": 0.20920304505310347,
    "sigma_ped": 0.057655937552582866,
    "x_shift": -0.0042576481322597615
}